"","curveid","topt_tleaf","topt_tleaf_cond","topt_tleaf_vpdl","topt_tleaf_vpdl_cond","topt_weib","breadth_tleaf","breadth_tleaf_cond","breadth_tleaf_vpdl","breadth_tleaf_vpdl_cond","breadth_weib","AIC_tleaf","AIC_tleaf_cond","AIC_tleaf_vpdl","AIC_tleaf_vpdl_cond","concurvity_tleaf","concurvity_tleaf_cond","concurvity_tleaf_vpdl","concurvity_tleaf_vpdl_cond"
"1",1091,15.5385496296296,17.0329013468013,34.7160633333333,34.7160633333333,14.9703302109518,6.0170662561576,6.397020945083,6.0952803320562,6.3096037037037,7.791,-390.87116732411,-1016.84031084118,-952.294099111306,-1035.93289113049,2.67894435363816e-28,3.18734360999662e-27,3.27007515872736e-25,1.98291347158043e-24
"2",1095,19.5843621212121,19.5843621212121,27.2498704545455,27.0175823232323,20.1958803499636,10.6631541666666,10.6631541666666,10.5171166666667,10.5171166666667,10.217,-3583.14878364476,-3631.33618974793,-3796.43736491214,-3801.48321869252,1.63367022474551e-23,3.42856572145642e-23,8.73977682732097e-22,1.54467165991906e-21
"3",1098,20.4963966329966,20.4963966329966,18.0048707070707,18.9108801346801,20.3932857158372,6.4526,6.5055666666667,7.1899,7.0002333333333,7.228,-485.707667542288,-684.664160360813,-767.033765124219,-771.898298618093,3.74736237304284e-23,2.83962426591639e-22,1.94800031597066e-21,5.96253899710462e-21
"4",1100,18.2575074074074,18.4973333333333,18.9769851851852,18.4973333333333,18.4753954199214,6.6553333333333,6.9634666666667,6.6553333333333,6.9808,8.517,-1512.61470961265,-1565.37503899716,-1530.14984931444,-1567.64380841649,3.03923702465483e-23,4.21367456598581e-22,8.00876009582447e-22,7.11076849756985e-21
"5",1105,17.4519363636364,16.9313202020202,16.9313202020202,16.9313202020202,16.808539975717,6.7731333333334,7.5690333333333,7.7562666666667,7.7562666666667,7.507,671.87514336787,379.540182515703,279.11187792477,279.113000420062,2.2289489349635e-28,8.24755359109227e-24,2.50385684966052e-21,3.37689144227646e-21
"6",1114,23.3443204713805,23.3443204713805,24.1378170370371,25.7248101683502,23.402901443227,9.4154,9.2091666666667,9.2645333333333,9.1459333333334,9.722,-581.139752360891,-591.31124393623,-582.124528449103,-598.084343733807,1.23126750734402e-23,2.33327316026752e-23,5.75117448588283e-22,6.91170583446079e-22
"7",1138,17.7511465909091,17.7511465909091,11.4521875,11.4521875,17.6757993355908,10.4589333333333,10.3490333333333,10.2766083333333,10.3780833333333,10.563,-2255.73882301844,-2617.65917605406,-3108.48967975494,-3216.330943809,2.09700852206162e-28,5.38244557436983e-23,1.66054764855552e-21,3.08656950395686e-21
"8",1139,15.65508767018,15.3864247035573,18.6103803030303,18.6103803030303,16.7046719778352,10.8491601666667,11.0473643333333,10.9658185,11.0741351666667,10.45,-3341.75536280332,-3504.16659859008,-3500.20230291397,-3612.79542742107,3.95716835675103e-24,1.61362230289948e-23,3.42161109760328e-23,1.41250766227402e-22
"9",1143,18.563427946128,18.563427946128,23.0150319191919,17.2541326599327,19.3581101110771,6.7618666666667,6.4313666666667,7.483,6.2346,6.286,1197.74839125252,768.317715175149,86.9083031729506,43.6111984071911,6.8626098383608e-29,1.09171948788428e-27,1.13741141632958e-21,1.58387169910325e-21
"10",1145,22.7175565656566,22.9577942760943,24.6394582491583,24.879695959596,23.3655974246857,6.1182333333333,6.0776,5.9896666666667,5.9896666666667,7.54799999999999,-948.579400678847,-961.480601066483,-992.098678212904,-991.659417171985,1.31709221352065e-23,3.83484834914162e-23,4.24069837399987e-22,5.3656284048263e-22
"11",1157,16.3757524579125,17.8506793265993,18.0965004713805,18.0965004713805,16.9926538596991,9.9287666666667,10.5564666666667,10.6499,10.6499,9.227,-1140.24998661539,-1219.39704279051,-1231.88858802814,-1231.88474837006,3.61692926864086e-25,1.00057962806392e-23,3.9915779511111e-23,1.93291829063032e-22
"12",1158,18.4860611363636,18.8995025,14.9718095454545,19.1062231818182,18.4028025966328,8.25345,8.6878333333334,8.4722291666667,8.6611083333334,8.166,-2747.27210264458,-3508.9081043323,-3323.4784223816,-3510.5067486506,2.31557077720777e-28,1.306826015515e-26,5.27926977437686e-22,2.61390812551578e-21
"13",1159,16.091896969697,19.0108587878788,20.2618424242424,19.0108587878788,16.9980666467329,11.2851666666667,11.3439,11.6901666666667,11.3439,10.471,-1196.20431182384,-1224.31418494614,-1209.74098554607,-1224.3130943192,7.05858322259483e-28,4.06596369450679e-22,2.87792044001805e-23,6.36925748128365e-22
"14",1160,16.516388989899,15.8561265656566,16.7364764646465,15.6360390909091,16.7886794713062,12.0197,12.0634,13.0127666666667,12.8683666666667,12.076,-1041.49148301782,-1052.25342778654,-1125.12819309905,-1131.05801916738,3.01463274936387e-28,1.54300553011814e-27,1.00729484494971e-24,1.0885802631156e-24
"15",1006,16.4677575757575,16.7175525252525,16.9673474747474,16.9673474747474,17.0170698512209,9.5337333333333,8.9578,8.795,8.795,NA,-620.581698048275,-679.336249381251,-705.311699158758,-705.30877983275,6.83687985183757e-28,2.19999065366634e-27,1.70957305262022e-24,4.13492399197447e-24
"16",1019,18.522269503367,13.1182313552189,27.8565172138047,8.4511075,17.4021138718973,8.9987291666667,9.7398625,9.4381916666666,9.8336083333334,10.633,-1675.0169649558,-3399.85078523293,-2329.60187678719,-3711.26937062549,4.0578640904461e-24,2.46094263446588e-23,3.88018749021856e-22,7.43326811335972e-22
"17",1037,20.5466538720539,20.0278511784512,31.9603131313131,32.2197144781145,20.9860535237043,10.7987666666666,10.3524,11.0989333333333,10.8001666666667,10.382,-995.17050558298,-1036.84984098183,-1165.08016680113,-1177.89422266788,1.09541336539578e-23,6.69594379945261e-23,1.46559126771399e-21,2.55686788168711e-21
"18",1045,17.4918491582492,17.982696969697,17.2464252525253,17.7372730639731,17.6567305545552,9.3668333333333,7.7755,8.4209,8.3560666666667,NA,138.795392445857,13.1192498334424,-91.8320575929759,-92.3318606368377,5.95271558857404e-28,1.94923721386087e-26,2.65666808994308e-21,3.16185054005211e-21
"19",1026,16.0161127272727,16.0161127272727,16.4957707070707,16.4957707070707,15.900555232445,8.5002,8.1632,8.3417,8.2393666666667,10.156,-410.048240529121,-415.465565695066,-449.194068915896,-449.600869109138,8.87016582041198e-24,3.73815244341605e-23,1.66587473202089e-21,3.47791296249016e-21
"20",1057,18.4216080808081,18.4216080808081,19.8357707070707,19.8357707070707,18.1682375296339,4.5528666666667,4.4337333333334,3.9503333333334,3.9503333333334,4.614,-2154.77698686846,-2155.76089937124,-2251.21825810634,-2251.21299929207,5.77398130180853e-29,2.09215202203192e-27,1.24143882751233e-21,1.27942140740166e-21
"21",1068,24.2117232323232,23.5242363636363,23.0659117845118,23.5242363636363,24.3219181713756,7.0742333333333,6.4161333333333,6.9735666666666,6.4161333333333,6.592,-1774.97181455611,-1815.14289801697,-1785.84182934631,-1815.1414408624,3.28881825818075e-24,6.27498145778496e-23,1.750737965401e-22,5.83088788220434e-22
"22",1075,9.80179291666667,9.80179291666667,18.7365391626409,16.9495899134461,14.4378852071223,9.0247080666667,7.6889289,8.6798122333333,7.4530330666667,NA,-3547.35308491866,-3929.16185058707,-3837.97570748315,-3967.49738420783,2.66166609212497e-24,1.9900317844173e-23,3.50323398559281e-21,7.26332396965943e-21
"23",1078,15.8559161616161,15.6000484848485,14.3207101010101,14.3207101010101,15.5957465749695,9.8627666666667,9.8327666666667,9.7296666666667,9.7296666666667,NA,-1393.47655726279,-1394.27954565791,-1399.42887397724,-1399.42151251114,2.58481897559027e-24,3.22660207162405e-24,2.47023005408402e-22,4.54421002827712e-22
"24",1092,19.0576778939394,18.7977247811448,13.5986625252525,11.7789907356902,18.0500769168942,6.7387269230769,6.8679769230769,7.2002769230769,7.2966889230769,6.824,-1413.34347540786,-1981.29116037764,-2397.37204120524,-2431.06273114674,1.77186436708465e-29,8.98688011906076e-23,9.74267769205629e-25,2.87488414642296e-22
"25",1094,17.6922452861953,17.6922452861953,23.3178054503367,22.2462701809764,19.334157319563,7.3831125,7.5872125,7.1044166666667,6.951975,8.307,-3169.66579619498,-3360.16389738642,-3717.23500570086,-3751.68722237874,1.40578276154297e-23,5.52856334556693e-23,1.36446466322756e-22,2.7465946249237e-22
"26",1112,24.9411507070707,24.7017580808081,26.8562917171717,24.9411507070707,24.630458593914,8.0028666666666,8.1776,8.6574,8.1776,9.116,-1544.40418860888,-1608.66406970645,-1604.38127291521,-1608.32997343506,9.36092554067194e-24,1.32796524555381e-22,2.14627083702517e-22,3.32393898949566e-21
"27",1113,26.8727239057239,26.8727239057239,26.8727239057239,26.8727239057239,27.1502909479769,7.0033,7.0263,7.0033,7.0263,7.273,-589.78572180755,-589.584768754166,-589.782774914368,-589.587297773145,4.80878063516799e-26,1.22827579820906e-25,4.92964130897154e-25,5.30396735280484e-25
"28",1119,20.8340194949495,21.2933246127946,19.4561041414141,19.2264515824916,20.9713143904841,8.3179666666666,7.8417,7.4581333333333,7.3662,6.761,-637.440528649002,-700.627759300623,-729.053595933562,-736.453679861967,1.30383075066097e-23,2.86497290792534e-23,5.58692336948645e-21,1.05171805337561e-20
"29",1121,16.4549872138047,16.2033113468013,25.0119666919192,25.7669942929293,16.4059512179975,7.3247875,7.76085,7.5083083333333,7.7307625,8.787,-3049.28311828783,-3278.48379033306,-3329.11226413095,-3515.77226228273,4.99128399989436e-24,2.45891290401236e-23,5.07777020068615e-22,9.65957136070105e-22
"30",1122,13.654803479021,13.3959336778037,24.7862049313649,21.1620277143227,12.5629187982543,10.4656833333333,10.5791436538462,10.7329195833333,10.6413144871794,8.078,-3955.38682443463,-4204.68240527982,-4174.87298123221,-4245.29016017056,1.34095746092581e-23,1.75799576793853e-22,3.73241731644114e-21,5.59060580978853e-21
"31",1125,15.0388866666667,14.3089266666667,13.3356466666667,14.0656066666667,14.5415076360782,7.4767666666667,7.7825333333333,8.3045,8.4037,7.862,-1153.42580164396,-1612.70096691378,-1671.61049103667,-1685.2672612773,7.02508686905017e-24,2.52036909150501e-22,4.39437598176489e-22,3.08341823977838e-21
"32",1124,15.2978456565657,15.0404494949495,15.2978456565657,14.7830533333333,15.5847990625282,8.7383,8.7383,8.7383,8.8191,9.632,-1282.15533035777,-1286.89920321289,-1282.15473888994,-1287.01264023896,1.12126763543452e-23,1.04583883174157e-22,1.02079759608401e-21,1.50677739863106e-21
"33",1129,14.8556143434343,14.610896969697,13.8767448484848,14.3661795959596,14.154336833875,9.47098666666663,9.46015666666663,9.4943233333333,9.46015666666663,8.861,-794.218447678018,-825.661404611699,-797.674517276834,-825.145064374552,4.51139664212518e-24,8.92152905638971e-24,6.18036875874362e-22,6.8227735874457e-22
"34",1131,18.2538465319865,18.5230909427609,18.2538465319865,18.5230909427609,18.1718499049848,7.8058333333334,7.9451666666666,7.8058333333334,7.9451666666666,8.223,-781.932173543872,-798.736871395366,-781.921226702434,-798.736676852149,6.07393569955938e-25,1.43474393641508e-24,8.25255615290649e-23,1.06933016145785e-22
"35",1142,23.3066424242424,23.3066424242424,22.6189242424242,11.6154333333333,23.2043675258839,6.8051,6.8051,6.7808666666666,6.7904,6.832,-1391.79885018321,-1391.7966394386,-1393.28257276166,-1397.45756350954,5.15363623042163e-24,5.95686769154354e-24,3.19707858129528e-22,6.83007404830503e-22
"36",1146,28.3582193939394,28.3582193939394,28.3582193939394,28.3582193939394,29.0475590987612,5.4372666666667,5.4372666666667,5.4372666666667,5.4372666666667,6.016,-793.134565967142,-793.132660957163,-793.134416416574,-793.132470943852,2.60186819019377e-28,1.19001209462304e-27,1.94712689754897e-21,2.45615011316603e-21
"37",1147,23.3817487878788,23.6081482154882,25.4193436363636,25.4193436363636,22.6711247840188,4.8577333333333,4.8577333333333,5.9781,5.9781,6.642,-917.819797613115,-917.780648382414,-995.375363417746,-995.373946132526,2.11657941377311e-27,3.17674354505749e-23,1.06777947952067e-21,1.68338416010005e-21
"38",1149,13.6170913888889,14.126984452862,20.5006477525252,17.9511824326599,14.7546613478411,6.4715458333334,5.9575708333334,6.692525,6.5237833333334,6.52,-2652.8177767061,-2793.60109232379,-2880.85432505963,-2892.10995892739,2.22050245939189e-23,1.23659267060945e-22,3.57665984732347e-21,6.19469241431951e-21
"39",1153,15.6355215488215,15.6355215488215,15.6355215488215,15.6355215488215,15.7568450389892,8.4910666666667,8.4910666666667,8.4910666666667,8.4910666666667,8.681,-1392.89311161447,-1392.95666614582,-1392.88527731286,-1392.95200640216,3.01322464064867e-28,8.36830368777318e-25,1.1869345191074e-26,1.2091517096198e-24
"40",1162,14.5590608080808,14.5590608080808,11.2178577777778,11.2178577777778,13.5236073927128,11.77746,11.77746,11.9196333333334,11.9196333333334,9.425,-1801.05438050053,-1801.01529416383,-1812.46680282553,-1812.46278127936,1.72997757126779e-27,2.91178571042269e-27,1.42365029041638e-21,1.67680933373996e-21
"41",1163,22.021768476431,21.5130190488216,25.583014469697,25.3286397558923,20.4437856313812,9.5667375,9.1666458333334,8.8197291666666,8.9907333333334,7.666,-3402.1782056163,-3646.98527930315,-3749.58786754412,-3759.31018831446,5.63943446721246e-29,4.66736562221647e-28,7.61909905666978e-25,2.3020211602932e-24
"42",1030,22.7190264646465,22.491146936027,32.2899666666667,16.1105201346801,22.7326788916577,4.6922666666667,0,4.5240666666667,0.0232666666666006,4.748,431.798255395926,-309.849737410824,349.384429139636,-449.562771257249,3.11349989466096e-24,4.45948321443329e-24,2.24435122477472e-21,2.71522883352221e-21
"43",1035,26.9805787878788,24.9113939393939,33.1881333333333,33.1881333333333,25.9172390512383,6.1638333333333,6.0326666666667,6.7403166666667,6.5436166666667,8.387,-456.209502843659,-659.868265898595,-647.318523436559,-667.833258419035,2.01905964396911e-23,1.04390445493903e-22,1.0309289623903e-20,1.32696399666941e-20
"44",1039,16.9960228956229,17.8633548821549,14.3940269360269,17.2128558922559,18.3618305779055,9.4912666666667,9.1422333333333,8.9203666666666,9.1220666666667,8.634,-1468.47333691455,-1580.01538350224,-1569.74483308458,-1580.22247265889,9.87956377813575e-24,6.85234780958507e-23,9.90372014914958e-22,3.00349574271092e-21
"45",1052,26.4699444444444,26.8617888888889,25.6862555555556,25.6862555555556,26.7498674706632,5.6428,6.0031666666667,6.4076,6.3842333333333,6.218,-1936.72070412377,-1981.85320989439,-2003.52965160662,-2003.47434354857,1.87443566269192e-25,9.35561345054384e-25,1.80748803066489e-22,2.74937670775069e-22
"46",52,25.7545439393939,25.7545439393939,28.8464863636364,28.6256333333333,25.38168177973,14.4079,14.69705,13.9029,13.9029,14.258,-971.560636920809,-1035.65051698744,-1060.97877137444,-1088.29766865144,2.31161366360175e-24,7.17969619731282e-24,1.35269273659174e-22,3.80708273835532e-22
"47",48,21.4408560606061,21.4408560606061,22.589952020202,25.3477823232323,22.7493513207721,13.11045,13.21235,12.69475,12.00725,10.565,-664.908242941631,-723.985439814327,-676.609541674532,-744.928934300769,2.50196038195548e-23,2.55965719450807e-22,1.69648729933185e-21,3.17773470002506e-21
"48",58,22.9621971030821,22.4729248756799,34.2154583333333,34.2154583333333,22.8466658905684,7.2304384615385,7.0054923076923,6.9011692307692,6.9011692307692,6.613,-393.259000003904,-1205.30785828652,-1243.91043807501,-1450.17213955644,1.97829002091741e-23,1.0336799754616e-22,2.00383107629558e-21,3.11552306286752e-21
"49",59,17.9012613830614,14.9965989121989,18.3853717948718,16.9330405594406,17.347941104945,6.3241538461539,6.4849461538461,7.0446846153846,6.9364538461538,6.211,37.4947276802609,-592.224926428134,-1176.03003106048,-1202.88710142469,2.00194179011749e-27,3.66327323401436e-23,1.05085728209882e-25,2.93934671669313e-22
"50",57,19.9149287878788,19.6798318181818,25.0870621212121,19.6798318181818,20.6130113721183,9.72615,9.32745,9.32745,9.32745,9.033,-746.9762183677,-1002.38085137956,-916.284728647935,-1007.2576292591,1.18426994215894e-23,1.2388210336562e-22,1.15474475321106e-21,3.78794429164097e-21
"51",61,20.8280045454545,20.8280045454545,15.3298606060606,15.9896378787879,21.2073256245584,8.3717,8.83575,8.935,8.83575,7.742,-685.950401534623,-991.409496575746,-1072.48778121778,-1123.83086852179,2.36942455673329e-23,1.6679751402938e-22,9.87778516450404e-22,1.55621094823252e-21
"52",62,18.5987111111111,18.5987111111111,21.6352222222222,20.9344888888889,18.1692161748481,6.9229,7.11355,7.29415,7.21865,7.319,-675.344822932029,-729.371665860611,-838.201048801187,-864.045071390919,1.04425170748291e-23,2.52289399093773e-22,4.55114411020304e-22,1.06875282563137e-21
"53",69,19.0354318181818,19.0354318181818,20.757194949495,20.757194949495,19.0283100051588,7.4741,7.37715,7.9801,7.9801,7.86,19.5306406731692,17.0848432804743,7.37009635312406,7.37022945497308,1.2393707714557e-23,1.1921729033085e-22,7.2831925631178e-22,1.94378288064095e-21
"54",70,21.7201727272727,20.3548636363636,16.4864878787879,16.7140393939394,21.1032590209566,11.52515,9.3279,9.00155,9.00155,7.545,-99.5699522817904,-494.429335372169,-373.06556557655,-854.60955463539,2.03172577221604e-28,1.50576693149626e-24,3.37332457564177e-25,7.7247512340534e-24
"55",9,24.9052461538461,25.6134641025641,17.3509213675213,18.2952119658119,25.4534931049291,8.8447538461539,8.6185538461538,8.3861461538461,8.4705076923077,9.333,-1299.80845760886,-1558.27559388169,-1530.95168154239,-1698.86143159983,3.56075352923577e-28,1.21688172801597e-23,1.16985765639077e-23,3.31973800914902e-23
"56",4,22.8098704545455,22.8098704545455,29.2786981818182,24.4869739393939,23.5599348966492,9.46815,8.8606,8.78665,8.93265,10.472,-746.711332658627,-875.186375592877,-869.656619111877,-883.809296739111,7.71909382781731e-28,3.08459552690248e-23,2.29374293442644e-25,6.11768329847375e-23
"57",7,23.4742247474747,23.7127146464646,27.0515732323232,26.3361035353535,23.5567720195175,9.1437,8.09645,8.7594,8.4001,9.169,-607.627526817358,-946.178635260328,-869.76527636015,-1010.93944658588,3.08993820900747e-29,1.64176127510853e-24,3.15388203577263e-25,1.12420784090444e-23
"58",10,25.09974375,27.87355625,37.5819,37.5819,26.1613528918936,11.2677724358975,11.3551108974359,11.5613282051282,11.3451205128205,12.199,-213.082352828136,-567.879365172379,-393.891628334827,-628.507245832721,7.33309120563727e-28,2.20566792590468e-22,1.40923978415383e-21,2.36459686410941e-21
"59",12,27.5185212121212,23.8703318181818,34.8149,17.7900161616162,27.4678299412559,11.29515,11.04395,12.23875,11.8044,11.49,-1063.77134538015,-1235.13763838825,-1332.87700637851,-1419.49715202186,8.33995731696948e-30,3.75234171544723e-28,6.05396543023031e-26,1.00033122753569e-25
"60",13,22.0662937062937,22.3106773892774,26.2208163170163,23.5325958041958,22.1695069524312,8.8380461538462,8.2925846153846,8.2925846153846,8.3936384615384,8.306,-505.263976732299,-857.201161963323,-777.431683695658,-960.596465766497,1.61486915754832e-23,2.94340191691401e-23,6.27068994585829e-22,9.15214805190205e-22
"61",14,21.8456651515152,20.9958247474747,23.3328858585859,22.0581252525253,21.8354377873318,8.6081,8.7112,8.6081,8.7112,9.004,-888.099628122916,-957.17732671229,-925.770133767423,-993.700554809024,3.06130797841487e-28,6.41313196149695e-22,8.1456289054558e-26,2.17330971880506e-21
"62",15,23.5364833333333,23.3324227272727,24.5567863636364,23.5364833333333,23.3426972109911,10.1533,9.7869,10.0272,9.8728,9.665,-781.056223529469,-896.860027225861,-889.354595844073,-1047.23739784455,1.27127515163875e-23,2.42342823722773e-23,2.69621966769997e-21,3.75709418320583e-21
"63",17,27.4978686868687,27.2482863636364,28.496197979798,24.2532984848485,27.8524119960998,10.93145,11.253,11.7493,12.0556,11.135,-527.262161938143,-641.074923713043,-697.196190533494,-815.669265440228,3.87152961120315e-28,1.7222130088822e-25,7.61537160003616e-26,3.42993622065729e-25
"64",72,21.4167416666667,21.1436451515152,36.43705,36.43705,21.8104125539037,10.1335,9.9699,9.2778,9.587,9.507,-515.930031786864,-737.739475215604,-750.698491486081,-768.254871685189,4.50549418273064e-30,4.51380218618816e-28,1.33090198456977e-21,5.65785655507463e-21
"65",75,19.7718106837607,19.3176863170163,19.3176863170163,22.0424325174825,19.711714393059,6.9191923076923,7.3036307692308,7.4003153846154,7.3985384615385,7.465,-819.526900478989,-890.717910066959,-1216.55506686979,-1276.50014401904,2.31240432701457e-23,9.6306712884977e-23,5.78210384505497e-22,1.96006606304899e-21
"66",76,21.2871888111888,21.5007383216783,11.4639113286713,18.2974956643356,21.9350007474652,9.1282769230769,9.7503,9.5889923076923,9.5889923076923,9.70500000000001,-1108.52565025927,-1346.85467864224,-1444.53775617447,-1527.33775467273,4.65119207165062e-24,4.83411154691213e-23,1.36303183110737e-20,1.73008998554588e-20
"67",95,19.5920666666667,18.1029722222222,30.8666388888889,27.6757222222222,19.0815482069698,7.25735,7.90545,7.54915,7.90545,8.455,-764.443122636192,-937.833549757799,-934.232008215379,-985.471120161364,1.1671975400327e-28,5.35969511990348e-27,1.42192901068723e-25,4.93576137497094e-25
"68",98,21.537344949495,21.7499606060606,28.9788929292929,23.2382702020202,21.740920998088,8.99075,8.643,8.36115,8.643,8.3,-614.955214449074,-805.28038226158,-739.143230346133,-813.704097041069,1.6885317034831e-30,1.08399730166415e-23,1.12601003045548e-25,7.65825463092971e-23
"69",101,21.4895343434343,21.4895343434343,21.9696939393939,21.4895343434343,20.8460502456009,9.05425,9.1652,9.1453,9.1652,8.893,-755.097133579909,-775.54504927243,-757.127853373909,-775.543272490552,9.75870867663786e-29,1.31103489945571e-27,6.56425085553959e-21,2.18495257004927e-20
"70",63,28.48755,28.48755,28.48755,28.48755,22.6364763567843,1.35275,1.4372,1.35275,1.4372,9.536,-206.763734222797,-227.534264886227,-230.678883919986,-227.534389445197,1.16167072561435e-28,1.19314724963502e-27,4.03912365910792e-27,2.86746069536077e-26
"71",66,23.8441727272727,23.3912272727273,24.7500636363636,22.7118090909091,23.6484590674347,12.31755,12.40105,12.7898,12.48075,11.773,-786.190779754026,-894.288291551562,-849.598222502906,-904.098694225519,1.2220166631427e-23,1.81153870444002e-22,6.8165152152002e-22,1.8300681602446e-21
"72",68,22.9545777777778,22.5087858585859,26.0751212121212,20.0569303030303,22.9615027979565,8.5768,8.8599,8.28135,8.57995,8.718,-774.71800946857,-859.873489083692,-834.777370335701,-920.49787569411,1.84985592203204e-23,1.08468658352282e-22,8.70268399635176e-22,3.22303970631865e-21
"73",3,21.7188926184926,21.9432509324009,19.6996677933178,20.3727427350427,21.785415416075,8.9380083333334,8.7489333333333,8.3559916666667,8.8476916666667,8.707,-354.411701892534,-1135.7120285525,-555.650070265034,-1169.82739110025,1.42719862149985e-27,2.58580502916746e-26,5.26171076605016e-26,1.37894506595573e-25
"74",6,23.7767646464646,23.579695959596,30.4771,30.4771,23.4655617170427,7.417,8.1752,8.0979,8.2615,7.645,-407.649250676608,-965.736445158015,-921.096130513839,-970.254746712579,9.73772822322223e-24,1.16430306094465e-22,6.87759151874752e-21,1.20413541771432e-20
"75",2,26.3630461538461,26.3630461538461,26.3630461538461,26.3630461538461,23.3452849782458,2.5242076923077,2.5769230769231,2.5769230769231,2.5769230769231,9.267,-330.463296415604,-405.749376144975,-420.795591399631,-418.518216759233,5.92409092695005e-29,7.54191740792847e-27,2.85542200564032e-26,1.40032650232107e-25
"76",1,22.6537236985237,22.6537236985237,28.2452116550116,23.1010427350427,22.5707660857606,9.9991153846154,9.723123076923,9.7263076923077,9.6337384615384,9.541,-647.722086333631,-1024.19254334282,-1230.26082826423,-1294.92149706354,1.0665610505051e-27,1.82203401470306e-23,7.79497743645443e-25,7.50146757305196e-23
"77",5,23.2019939393939,23.6652333333333,28.0660075757576,28.0660075757576,23.1842815449715,9.3974,9.59565,9.11335,9.11335,9.226,-270.149642151949,-426.801568134851,-625.22978652221,-625.228893991912,1.04501802429944e-23,2.0929076331551e-23,9.12460188686583e-22,1.92901792682387e-21
"78",11,21.5236591006216,21.2911417832168,23.3837976398601,21.7561764180264,21.299696705941,7.2881461538462,7.6904615384615,7.3954076923077,7.5913384615385,7.183,-1590.27760027264,-2320.7550127748,-2254.83866015436,-2474.77299222356,3.34752848568282e-25,6.97872920359932e-24,5.12485778622148e-21,1.31950463403761e-19
"79",33,21.2290647241647,23.7774964257964,25.2640815850816,28.6619905205905,20.8050509920943,6.8476615384615,7.1192769230769,8.2916307692308,7.3379538461539,8.391,-84.2949949241382,-511.38892547917,-192.805904642207,-1035.76886979839,7.06270598274394e-28,9.38241083698904e-27,8.25851147116291e-26,1.72281480692477e-25
"80",38,24.9152879564879,24.9152879564879,31.1283595959596,34.013,25.0358830388663,10.4215923076923,10.5215538461539,10.4935076923076,10.6663230769231,10.552,-293.976141287992,-1454.07512483346,-1119.13886592422,-1645.27963855266,1.76596683449107e-23,7.63230989806612e-23,7.50260636856004e-21,1.40735951029936e-20
"81",40,27.0387338383838,25.8527212121212,26.0899237373737,26.3271262626263,27.5237037937111,13.16395,13.48825,13.5461,13.7097,13.19,-1599.23660490894,-1706.78251868901,-1750.46816502655,-1778.10754234921,3.04839819171988e-29,2.00158975607268e-28,1.53421343541219e-26,3.62056719445317e-26
"82",42,23.699934965035,23.699934965035,23.699934965035,23.2791057498058,24.0528272833406,8.9948153846154,8.8979384615385,8.9948153846154,8.7049538461539,9.702,-763.411025221835,-1047.91824679044,-763.405795704161,-1234.29739605357,2.27107514118477e-28,4.5417171739876e-25,7.10003593273426e-22,9.73615835382009e-22
"83",83,21.5632788888889,20.8464772222222,27.0587583333333,24.9083533333333,21.1292766137889,5.3493769230769,6.1575307692308,5.6924538461538,6.0112307692307,6.632,-844.604555983827,-1745.83097825494,-1741.65176713745,-2127.31779586736,3.12828284034985e-29,1.56701726752561e-27,5.85197869386239e-26,1.76823902849825e-25
"84",86,25.1699755555556,17.7507022222222,12.80452,22.3164088888889,24.6127333392645,7.7551,8.1957,8.82246,8.6761,7.844,-773.777877136135,-1116.6601590473,-1477.01094136263,-1682.341924209,1.58650912179132e-28,1.786060974069e-27,2.57339448480821e-26,2.9223913423569e-26
"85",94,22.0533641414141,21.5562934343434,22.7989702020202,22.7989702020202,21.9726376055229,7.4248,7.64575,7.82975,7.82975,8.374,-877.910341191914,-947.775786382424,-995.099220371241,-995.096798021238,9.63801181704428e-24,2.6210685497008e-22,7.89594127697991e-22,3.95949155792852e-21
"86",96,21.7765454545455,20.2189005050505,17.7711727272727,19.106296969697,21.3132185606105,6.76035,7.6606,7.76755,7.76755,7.536,-491.701002109871,-910.692763687312,-880.3808983073,-933.147698745219,1.3180456857603e-23,1.87546871446857e-22,1.31954093039542e-21,1.76401902013301e-21
"87",97,22.1000590909091,21.85995,18.2583136363636,16.8176590909091,22.2453020290048,6.6379,6.49885,6.55735,6.77785,6.99,-1037.53298638226,-1058.2458750463,-1075.87256610178,-1128.42559595796,2.09700852206162e-28,1.16283703547685e-27,1.41469909935251e-26,4.27248988365337e-26
"88",99,22.9171606060606,22.2425651515152,27.4144636363636,25.6155424242424,22.5145855518963,7.1609,7.5351,7.79775,7.79775,7.838,-628.499850571581,-780.02734904003,-839.40160865953,-843.595425685516,1.44627537182508e-23,1.15603758916182e-22,1.36643252882434e-21,4.1885425037631e-21
"89",100,25.3261338383838,25.5570015151515,26.7113398989899,24.8643984848485,25.3712684986237,12.43455,11.9208,12.26575,12.0093,11.376,-697.437263906181,-720.734607956939,-744.72627983895,-763.000794962072,1.47438731319601e-23,2.95776880579842e-23,3.02417949647124e-21,6.77599524071299e-21
"90",118,22.7524368686869,21.9529297979798,15.75675,17.1558873737374,21.9705184045454,8.79565,8.79565,9.5494,9.5494,9.679,-744.235348304454,-879.631859528648,-1056.24692229009,-1060.45571131481,3.07127844152424e-23,9.00082056621658e-23,8.20893301350743e-22,1.50578200674952e-21
"91",119,22.0392454545455,21.4277,29.7854878787879,23.4661848484849,21.2460645239099,8.05085,8.4333,8.7148,8.7148,8.467,-206.959641557082,-279.73915918871,-247.301040438743,-284.921474669152,4.90471810374336e-23,6.63972501124321e-22,1.99963713413463e-21,9.0936526508553e-21
"92",120,22.0798580808081,22.3163282828283,27.0457323232323,27.0457323232323,21.4739735479723,7.4463,7.4602,8.9622,8.9622,8.299,-147.06689243889,-475.835417421116,-687.629709984056,-687.628547223552,7.50448638209451e-28,3.02631857651415e-24,7.20402083325577e-26,3.86328754346949e-24
"93",121,20.5709045454545,20.9820358585859,20.3653388888889,20.9820358585859,20.4187693719138,3.83835,3.261,4.1782,4.10485,4.766,517.979894895576,470.264034072504,385.285007158544,382.05181386984,2.04440792773834e-28,5.31683462807613e-27,3.580331853247e-25,3.72796795053444e-25
"94",21,22.587495770202,21.1733840277778,19.0522164141414,18.1094752525253,22.7528575478282,9.371275,9.3405583333334,9.6969666666667,9.8515416666667,9.962,-1905.480896906,-1984.73218622239,-2269.02088142264,-2351.77007014498,1.17192057694553e-26,4.36276587871644e-26,1.19426349801479e-20,1.58308370527473e-20
"95",125,23.3895506216006,23.3895506216006,29.6937838189588,26.6677518842269,23.4966018325393,8.8669692307692,8.1618538461538,8.1618538461538,8.1618538461538,8.754,-937.924483773595,-1682.78048561552,-1658.49151487072,-1707.07720231715,2.33359035577886e-28,3.41098183030756e-26,1.09187558384882e-24,6.93120841001765e-24
"96",124,27.6860206682207,27.9113475524475,31.0659239316239,29.4886357420357,26.996683597283,7.0596846153846,7.3447692307693,7.4555153846154,7.3389692307692,8.72,-1387.24926435145,-1910.3800917258,-2041.54700234987,-2109.92647974997,1.51656212345091e-27,3.63337749670747e-27,2.26468313602502e-25,6.9236558597053e-25
"97",126,23.0182025252525,23.2286515151515,17.9674267676768,23.2286515151515,22.90843312762,7.67295,8.0585,7.9913,8.0585,7.716,-665.576046841928,-914.099382592217,-838.347481178654,-913.560399415921,3.17983719254089e-23,1.36145732309199e-21,2.4476705236202e-21,3.72869664296619e-21
"98",127,23.5963171717172,23.360254040404,23.1241909090909,23.8323803030303,22.5557544831901,7.49065,7.66945,7.7965,7.72505,7.146,-729.997680412444,-1164.83252791523,-1199.31195736048,-1234.24890943763,7.90454563615398e-30,6.56937863333749e-28,7.76870219461652e-27,1.6845479199345e-26
"99",25,21.1635909090909,20.9146171717172,18.4248797979798,16.4330898989899,20.0371390437503,8.60365,8.07335,8.42785,8.4775,7.826,-944.841793539572,-1371.25462292637,-1374.65573437061,-1587.8324089459,3.09355652985099e-23,2.35617279775484e-22,1.11085551665028e-21,6.26150270206527e-21
"100",31,20.1730166666667,20.1730166666667,23.7297772727273,22.0560075757576,19.6063565260929,6.9605,7.89665,7.82425,8.1399,5.137,-943.400079091163,-1724.68209149538,-1851.91789778473,-1929.19498039311,2.44421321751519e-23,1.49074978437887e-22,4.2815337343361e-21,2.98905572427721e-20
"101",22,19.1172263273763,18.4016834757834,27.4652262626262,28.1807691142191,18.1792780122504,8.6192846153846,8.6053846153846,7.1653846153846,7.7515692307693,7.14,-461.260146748624,-931.34712415585,-679.320257181587,-1392.17030971644,1.27591760791798e-28,5.01972764289153e-27,1.6272742579872e-25,1.20164792342476e-24
"102",26,23.0469282051282,23.0469282051282,22.5470615384615,23.0469282051282,21.2919857893849,7.1869384615384,6.5914307692308,8.4529615384615,8.6846230769231,8.163,-409.913131198403,-557.38444843542,-1022.70907005758,-1468.26211998613,9.41182582615027e-24,3.54584300322422e-23,8.88017872342328e-22,3.03474983994351e-21
"103",27,13.5187,13.5187,13.5187,22.2800333333333,16.5449711357282,7.60755,7.60755,7.70535,7.60755,6.017,-631.376805339409,-631.292627091064,-733.607007891774,-833.073462250551,4.26050902284219e-29,1.81236006998324e-27,2.32596909657777e-21,6.65689392522453e-21
"104",28,21.10395,21.10395,21.7461090909091,21.7461090909091,20.7106266033748,10.14675,9.88885,10.45545,10.28375,10.826,-846.064122263894,-894.827558291416,-962.811368953072,-1025.47553046652,4.75743807456364e-28,1.20552720970176e-27,2.16169881155995e-25,2.99614838424331e-25
"105",44,22.1291227272727,21.6695590909091,21.8993409090909,22.1291227272727,20.5005534134497,10.3973,10.12245,10.5101,10.5988,8.437,-478.679492081608,-536.270603696561,-742.216134584587,-843.508792894709,2.37698163524951e-23,5.77160316315046e-23,1.99393386097388e-21,2.3241421302877e-21
"106",47,20.358051010101,20.1316090909091,20.1316090909091,11.9797,17.86334777658,12.24435,12.36865,12.24435,12.36865,10.931,-899.839061775788,-991.680747599408,-923.336291472457,-1029.62999014886,1.95025411752298e-29,1.59777312442089e-28,2.2985329404602e-21,3.96781308574056e-21
"107",46,24.2262391245792,25.9569087334888,17.3035606889407,12.9768866666667,24.5486474213676,12.1007307692308,12.3503769230769,11.9484461538461,12.2772615384615,14.456,-939.603178847308,-1247.98094108013,-974.602894555873,-1294.76116552681,1.90774446229397e-23,4.91072421101265e-23,7.82765442373653e-22,3.7900760533342e-21
"108",54,25.4059070707071,25.1652621212121,11.4485,26.1278419191919,23.7320765644562,15.8516,15.39805,15.60265,15.5089,13.09,-706.301866643068,-764.918857364306,-1029.5257375172,-1034.98201232563,1.33924457231947e-23,3.79338925279958e-23,4.27079053492245e-21,4.60447326592576e-20
"109",115,21.0342363636364,21.2524984848485,33.038653030303,28.4551484848485,20.2054004180334,9.126,9.51485,9.99505,9.51485,11.165,-734.326075933941,-1019.66055745459,-970.379571758353,-1056.82763976957,4.78614649058626e-25,8.75427619902747e-24,2.29975037333809e-22,7.71405018084576e-22
"110",114,22.1251404040404,21.9065636363636,19.720795959596,22.7808707070707,21.9411225581499,8.4524,8.9983,8.9983,9.061,9.088,-874.84422051412,-987.295776499183,-992.369142916308,-1053.56064691074,1.60878067103855e-23,5.32999659954588e-23,1.2153932810271e-21,3.67756376194516e-21
"111",78,28.4158207070707,28.898445959596,31.0702595959596,29.3810712121212,26.2540084343599,9.19525,10.43495,9.9963,10.3561,9.855,-1353.39652292063,-1533.90762628195,-1551.60161931205,-1533.22757208956,6.88509809612036e-28,4.57770990509214e-27,3.09004621305241e-25,4.65957633208533e-25
"112",79,24.725438989899,24.9976222222222,13.02156,27.1750880808081,22.5401660440197,5.377,5.06516,5.64388,5.77482,6.529,-794.087924470284,-967.974217012814,-1032.48865847474,-1259.09355858825,3.77801922112535e-27,6.96825489485008e-26,8.2008993630645e-26,2.56350967904584e-25
"113",81,17.31555,17.31555,16.8495944444444,16.6166166666667,19.8363904626488,8.00435,7.53315,7.70135,7.4768,9.526,-1489.27301626203,-1594.0406305155,-1610.36510209732,-1625.34421838506,4.50700014213544e-28,1.41110230900625e-27,3.54844763180412e-25,3.74503478894847e-25
"114",82,21.6956128787879,20.9911672727273,24.7482105050505,24.5133953030303,20.6644267188966,9.261185,7.180425,8.03391,7.690305,10.259,-964.158074478774,-1094.45908710577,-1529.62593300289,-1587.57735530351,1.03306827608285e-28,3.09345313354719e-28,5.98150047096047e-22,6.91958848329182e-22
"115",1054,15.392302516835,14.9211832154882,12.8011463594276,13.2722656607744,15.5009925951273,7.6915666666667,7.2555833333333,7.8028875,7.5498333333333,7.435,-3317.56701698923,-3376.7934818828,-3392.62324251001,-3405.47794914509,2.72051993666808e-28,4.43254836909126e-27,3.70844086115187e-22,8.80811939394404e-22
"116",1063,19.7150858585858,19.7150858585858,15.3618333333333,15.3618333333333,19.9579927757504,10.8698,10.8998,10.9439,10.9439,NA,-322.697765897065,-327.02110854206,-333.626146436915,-333.625817319816,4.55465996313651e-24,6.5653224634312e-24,1.38207684294414e-20,1.44203324206691e-20
"117",1097,21.8918212121212,21.6424484848485,23.3880575757576,22.3905666666667,22.2671049567103,8.1996666666666,7.8997666666666,7.4608333333333,7.3695666666666,7.791,818.35115345788,813.497250877538,799.046414131636,796.754774093372,1.42489808477069e-28,3.28959046213376e-25,3.91103559624962e-22,4.58208146508623e-22
"118",1101,19.6259178451179,19.1087468013468,20.1430888888889,21.177430976431,19.3789650366542,9.5824666666667,9.4211,9.548,9.4211,9.401,645.896954043891,642.712827874347,646.220431187525,639.905931589802,1.44945091765021e-23,4.64945981734524e-23,1.12214559609562e-21,1.3457127082668e-21
"119",1108,11.1550666666667,11.1550666666667,11.1550666666667,11.1550666666667,16.1195194704139,7.0638333333333,6.9468666666666,6.9134333333333,6.9134333333333,NA,140.911268972229,141.248803347305,140.465131847439,140.465446389055,6.53732825089492e-24,2.40240005251569e-23,3.26095180034152e-22,4.16138524775647e-22
"120",1151,13.2841499873737,13.2841499873737,13.2841499873737,23.15207875,14.1046871732029,5.8974458333333,4.895125,5.8974458333333,5.1977,7.001,-2243.92644775033,-2510.44621254399,-2243.92508660273,-2553.3031027261,2.82750260323787e-24,1.09770869039067e-23,1.90791286931545e-23,9.92204576134809e-23
"121",1155,17.1092787878788,17.1092787878788,18.6579090909091,18.6579090909091,17.5656117010406,7.4164666666667,7.4164666666667,6.8392333333333,6.8392333333333,6.871,-195.798929668371,-195.792056747373,-215.313091790299,-215.312732447793,2.95626024262459e-28,1.20824688456139e-27,1.07647280290049e-23,1.84591806254668e-23
"122",1004,17.0465660353535,12.0007,26.9189126262626,22.0924320707071,16.6361326470059,7.795325,7.607,8.6584817307692,9.0217442307692,7.652,-1195.17920066973,-1457.72716656907,-1846.8982598829,-2000.94445949344,2.00178346341499e-23,1.83155125899949e-22,3.63170156679218e-22,1.85453975247913e-21
"123",1014,18.1558037425537,17.4605093758093,26.4993361434861,26.7311009324009,19.9021332652291,8.2757416666666,7.61675,8.4018875,8.5494833333334,8.322,-1645.76377025286,-1771.21418150636,-1920.99040190338,-1948.40600902622,1.21988759898067e-23,2.03190008237493e-23,6.49827242682588e-22,8.62239532041297e-22
"124",1025,15.8219410774411,15.8219410774411,9.46415,9.46415,15.7203342399073,5.3618333333333,5.3618333333333,5.3142666666667,5.3142666666667,6.212,844.041607191326,844.045771940217,798.24060244689,798.241639254296,2.08983693819911e-23,1.97875619755946e-22,4.64199550123682e-21,6.47791341763962e-21
